ENTRYID,ENTRYTYPE,ENTRYNAME,TOTALRUN,TOTALWINS,PRE95ENTRYID
529442,Jockey,"Joe Fanning",20197,2596,529442
521666,Jockey,"Frankie Dettori",11904,2510,521666
772626,Jockey,"Ryan Moore",13964,2450,
731878,Jockey,"Jamie Spencer",14013,2238,
613441,Jockey,"Jim Crowley",14799,2183,
726050,Jockey,"Paul Hanagan",16539,2094,
829644,Jockey,"Luke Morris",18826,1961,
888173,Jockey,"Adam Kirby",13725,1916,
559978,Jockey,"Graham Lee",14540,1875,
564234,Jockey,"Dane O'Neill",17526,1854,564234
548483,Jockey,"Franny Norton",16305,1712,548483
925841,Jockey,"William Buick",8992,1644,
714735,Jockey,"Robert Winston",14416,1638,
731092,Jockey,"Neil Callan",12877,1606,
803179,Jockey,"Brian Hughes",9352,1605,
525017,Jockey,"Martin Dwyer",15257,1537,525017
731086,Jockey,"Tom Scudamore",9782,1479,
826926,Jockey,"James Doyle",9827,1466,
727604,Jockey,"Paddy Brennan",8228,1434,
813165,Jockey,"Richard Kingscote",10053,1393,
811703,Jockey,"Daniel Tudhope",9271,1389,
897079,Jockey,"David Probert",12008,1369,
555241,Jockey,"Jimmy Quinn",17552,1316,555241
990402,Jockey,"Sam Twiston-Davies",7185,1298,
752057,Jockey,"Paul Mulrennan",12412,1294,
731898,Jockey,"Shane Kelly",13199,1231,
949370,Jockey,"Aidan Coleman",6707,1214,
735079,Jockey,"Tom Eaves",15423,1203,
503226,Jockey,"Robert Havlin",10964,1180,503226
752979,Jockey,"David Allan",11492,1176,
816992,Jockey,"P. J. McDonald",10395,1164,
774825,Jockey,"Tom Queally",10941,1159,
953955,Jockey,"Andrea Atzeni",7556,1159,
906246,Jockey,"Harry Skelton",5090,1089,
518309,Jockey,"John Egan",11687,1083,
895436,Jockey,"Tom O'Brien",6720,1057,
766160,Jockey,"Liam Keniry",13194,1019,
764118,Jockey,"Pat Cosgrave",8227,948,
767727,Jockey,"Tony Hamilton",10317,945,
764505,Jockey,"Hayley Turner",9572,935,
988642,Jockey,"Ben Curtis",6358,921,
786598,Jockey,"Jamie Moore",6598,903,
774795,Jockey,"Daryl Jacob",5375,895,
1082913,Jockey,"Tom Marquand",6983,886,
614396,Jockey,"Pat Dobbs",7647,805,
905569,Jockey,"Jack Mitchell",5308,759,
786067,Jockey,"Stevie Donohoe",7948,747,
624679,Jockey,"Royston Ffrench",8936,740,
1058376,Jockey,"Hollie Doyle",5349,732,
979024,Jockey,"Martin Harley",5741,723,
808104,Jockey,"Dougie Costello",7155,669,
780003,Jockey,"Andrew Mullen",8567,667,
1025669,Jockey,"Jason Hart",5805,665,
946953,Jockey,"Sean Levey",5435,657,
1060175,Jockey,"Sean Bowen",3133,641,
961340,Jockey,"Nico de Boinville",2502,622,
930374,Jockey,"Nick Scholfield",4690,618,
1042342,Jockey,"Gavin Sheehan",3181,600,
1076434,Jockey,"Harry Cobden",2515,595,
831643,Jockey,"William Carson",6834,567,
979102,Jockey,"James Sullivan",7838,562,
904775,Jockey,"David Bass",2848,514,
1011325,Jockey,"Kieran O'Neill",5859,502,
1040967,Jockey,"Kevin Stott",3663,500,
758700,Jockey,"Barry McHugh",5518,483,
969903,Jockey,"Tom Cannon",3444,482,
1031782,Jockey,"Connor Beasley",4283,470,
929471,Jockey,"Sean Quinlan",4175,466,
946853,Jockey,"Adam Wedge",3315,466,
777934,Jockey,"David Nolan",4997,461,
818088,Jockey,"William Kennedy",3977,452,
1040069,Jockey,"Daniel Muscutt",3817,438,
1111334,Jockey,"Rossa Ryan",3222,433,
1012871,Jockey,"Charles Bishop",4115,430,
911684,Jockey,"Henry Brooke",3530,418,
1043050,Jockey,"Rob Hornby",4049,415,
1095725,Jockey,"David Egan",3444,401,
1058437,Jockey,"Callum Shepherd",3862,394,
1033775,Jockey,"Brendan Powell",3152,374,
1048261,Jockey,"Kieran Shoemark",3384,374,
780006,Jockey,"Duran Fentiman",6602,371,
1085379,Jockey,"Jason Watson",2777,370,
810468,Jockey,"Richie McLernon",3613,369,
1013587,Jockey,"Josephine Gordon",4008,368,
1056676,Jockey,"Hector Crouch",2956,347,
764826,Jockey,"Sam Hitchcott",5470,346,
753385,Jockey,"Paddy Mathers",5404,339,
1050856,Jockey,"Cam Hardie",5227,318,
1024252,Jockey,"Kielan Woods",2375,312,
1068800,Jockey,"Callum Rodriguez",2321,306,
1059130,Jockey,"Clifford Lee",2384,300,
826892,Jockey,"Andrew Elliott",3735,297,
973826,Jockey,"Conor O'Farrell",2551,296,
922153,Jockey,"Ryan Mania",2222,294,
781874,Jockey,"James Davies",3551,288,
1106085,Jockey,"James Bowen",1661,280,
942223,Jockey,"Joshua Moore",1941,276,
1054701,Jockey,"Jack Garritty",2905,272,
999910,Jockey,"Trevor Whelan",2527,269,
1025664,Jockey,"Joey Haynes",3782,268,
1038210,Jockey,"Shane Gray",3052,264,
1115425,Jockey,"Cieren Fallon",2078,258,
949629,Jockey,"Sam James",2554,252,
1016551,Jockey,"Craig Nichol",1954,246,
741935,Jockey,"John Fahy",3066,243,
961213,Jockey,"Alistair Rawlinson",2310,242,
1074785,Jockey,"Jonjo O'Neill Jr.",1336,242,
797790,Jockey,"Dale Swift",2630,241,
1024582,Jockey,"Harry Bannister",1570,238,
1024965,Jockey,"Tom Bellamy",1738,238,
1015409,Jockey,"Bryony Frost",1310,237,
949265,Jockey,"James Best",2695,236,
986160,Jockey,"Jack Quinlan",2068,236,
1042905,Jockey,"Charlie Deutsch",1391,231,
938217,Jockey,"Robert Dunne",2068,229,
1058815,Jockey,"Jonathan Burke",1624,226,
1069115,Jockey,"Lewis Edmunds",2204,226,
1054608,Jockey,"Phil Dennis",2999,225,
912387,Jockey,"A. P. Heskin",1260,219,
1009565,Jockey,"Nicola Currie",2448,216,
1103286,Jockey,"Marco Ghiani",1395,206,
556598,Jockey,"Mattie Batchelor",2393,200,
1025653,Jockey,"Derek Fox",1557,190,
824528,Jockey,"Lee Edwards",2100,187,
1085333,Jockey,"Ben Robinson",2130,187,
980104,Jockey,"Alan Johns",1514,185,
1067481,Jockey,"George Wood",1962,184,
1041992,Jockey,"Ciaran Gethings",1584,180,
1044261,Jockey,"Louis Steward",1583,176,
1053663,Jockey,"David Noonan",1993,176,
1036527,Jockey,"Rowan Scott",2185,171,
1043750,Jockey,"Charlie Bennett",2619,170,
781737,Jockey,"Marc Goldstein",1731,169,
1030385,Jockey,"Micheal Nolan",1442,164,
978776,Jockey,"Jonathan England",1245,163,
1031540,Jockey,"Ray Dawson",1366,162,
995198,Jockey,"George Downing",2246,159,
811539,Jockey,"David England",1478,158,
1011401,Jockey,"Jamie Hamilton",1384,158,
1106710,Jockey,"Darragh Keenan",1937,155,
1016187,Jockey,"Robert Tart",1309,149,
564433,Jockey,"Mr Simon Walker",855,148,564433
1013577,Jockey,"Bridget Andrews",973,148,
1081433,Jockey,"Harrison Shaw",1708,148,
957411,Jockey,"Ben Poste",2007,146,
1054049,Jockey,"Stan Sheppard",977,146,
1059179,Jockey,"Eoin Walsh",1766,139,
1095936,Jockey,"Adam McNamara",1304,138,
550913,Jockey,"Miss Serena Brotherton",867,134,
1042575,Jockey,"Charlie Hammond",1124,132,
1121441,Jockey,"Danny McMenamin",907,131,
1027107,Jockey,"Callum Bewley",1680,130,
1024601,Jockey,"Jamie Gormley",1460,128,
1042141,Jockey,"Jane Elliott",1491,128,
1054290,Jockey,"Ross Chapman",1130,128,
1047316,Jockey,"Thomas Dowson",1264,125,
1048186,Jockey,"Richard Patrick",854,124,
1032965,Jockey,"Rex Dingle",728,120,
1096936,Jockey,"Joshua Bryan",1138,119,
950447,Jockey,"Joanna Mason",1089,118,
1094950,Jockey,"Billy Garritty",984,118,
1041691,Jockey,"Page Fuller",942,108,
1100701,Jockey,"Ben Jones",749,108,
1054650,Jockey,"Harry Reed",979,107,
1122662,Jockey,"George Rooke",1298,107,
1115573,Jockey,"Connor Brace",718,105,
1092949,Jockey,"Theodore Ladd",1142,101,
1064578,Jockey,"Thomas Greatrex",937,100,
1122300,Jockey,"Thore Hammer Hansen",1004,98,
1068843,Jockey,"William Cox",1463,97,
1090250,Jockey,"Connor Murtagh",1368,97,
1080107,Jockey,"Sam Coltherd",1060,95,
1083320,Jockey,"Lorcan Williams",616,94,
1101072,Jockey,"Dylan Hogan",994,94,
989385,Jockey,"Paul O'Brien",859,93,
1102579,Jockey,"Rhys Clutterbuck",764,93,
1051689,Jockey,"Faye McManoman",1223,92,
938762,Jockey,"Nathan Moscrop",931,91,
1118802,Jockey,"Stefano Cherchi",791,91,
1009380,Jockey,"Stephen Mulqueen",1190,89,
1048666,Jockey,"Fergus Gregory",614,88,
1058679,Jockey,"Mitchell Bastyan",708,88,
1083109,Jockey,"Cameron Noble",743,88,
1040065,Jockey,"Sean Houlihan",1079,86,
827237,Jockey,"John Kington",1415,85,
1135134,Jockey,"Jack Tudor",626,85,
770669,Jockey,"Lucy Gardner",866,84,
982168,Jockey,"Miss Gina Andrews",501,84,
1018078,Jockey,"Jack Duern",1111,84,
1130622,Jockey,"Kevin Brogan",463,84,
1045531,Jockey,"Max Kendrick",670,83,
954851,Jockey,"Kevin Jones",761,82,
1116228,Jockey,"Saffie Osborne",714,82,
1132245,Jockey,"Laura Pearson",711,80,
1084514,Jockey,"Harry Russell",845,79,
1103532,Jockey,"Charlie Todd",578,79,
826546,Jockey,"Miss Becky Smith",686,78,
1110261,Jockey,"Oliver Stammers",678,77,
1112413,Jockey,"Bryan Carver",462,75,
993488,Jockey,"Kieron Edgar",634,74,
1096921,Jockey,"Pierre-Louis Jamin",656,72,
1071044,Jockey,"Jordan Nailor",558,71,
1108919,Jockey,"Mark Crehan",586,71,
1093506,Jockey,"Georgia Dobie",718,69,
1085498,Jockey,"William Carver",628,68,
909714,Jockey,"Mr William Biddick",399,67,
1046216,Jockey,"Paula Muir",964,67,
1056589,Jockey,"Lorcan Murtagh",775,67,
944221,Jockey,"Thomas Garner",730,66,
945867,Jockey,"Alex Edwards",565,66,
1005064,Jockey,"Conor Ring",951,66,
1121804,Jockey,"Benoit de la Sayette",360,66,
910415,Jockey,"Jonathon Bewley",601,65,
1111484,Jockey,"Grace McEntee",791,65,
772225,Jockey,"Mr David Maxwell",240,64,
1042395,Jockey,"Chester Williams",362,64,
1073863,Jockey,"Ben Sanderson",677,63,
1080216,Jockey,"Theo Gillard",565,63,
1126950,Jockey,"Sean Kirrane",509,62,
950569,Jockey,"Daniel Hiskett",643,60,
1031835,Jockey,"Ross Coakley",490,60,
1124048,Jockey,"Liam Harrison",361,60,
1057244,Jockey,"Rhiain Ingram",1003,56,
1034940,Jockey,"Miss Brodie Hampson",449,55,
1097324,Jockey,"Luca Morgan",346,55,
1128248,Jockey,"Fergus Gillard",386,54,
1108853,Jockey,"Angus Villiers",568,53,
1108930,Jockey,"George Bass",583,53,
1012162,Jockey,"Daniel Sansom",471,52,
1121058,Jockey,"Tyler Heard",705,52,
1043959,Jockey,"Harry Burns",492,50,
1033339,Jockey,"Tabitha Worsley",669,49,
1095237,Jockey,"Charlotte Jones",229,49,
1117166,Jockey,"Mollie Phillips",451,49,
1133230,Jockey,"Niall Houlihan",406,49,
1021927,Jockey,"Mr Zac Baker",287,48,
1098078,Jockey,"Tom Buckley",371,48,
1054671,Jockey,"Mr James King",351,47,
1069416,Jockey,"Mr Tommie M. O'Brien",295,47,
1117854,Jockey,"Andrew Breslin",734,47,
1146466,Jockey,"Frederick Larson",380,47,
1047111,Jockey,"Patrick Cowley",409,46,
1011812,Jockey,"George Buckell",413,45,
1077379,Jockey,"Charlie Price",431,45,
1082143,Jockey,"Isabel Williams",351,45,
1084868,Jockey,"Lilly Pinchin",336,45,
1135224,Jockey,"Callum Hutchinson",484,45,
1071529,Jockey,"Jonathan Fisher",583,44,
1104610,Jockey,"Ben Godfrey",344,44,
1153003,Jockey,"Oisin McSweeney",296,44,
942663,Jockey,"Mr John Dawson",507,43,
1050752,Jockey,"Hugh Nugent",339,42,
1102260,Jockey,"Thomas Willmott",436,42,
1169324,Jockey,"Ryan Sexton",322,42,
1109174,Jockey,"Gina Mangan",511,41,
978699,Jockey,"Mr Patrick Millman",332,40,
1056389,Jockey,"Mr Jack Andrews",279,40,
1107773,Jockey,"Philip Armson",425,40,
938224,Jockey,"Chris Ward",348,38,
558003,Jockey,"Mr Phillip York",436,37,
1032706,Jockey,"Laura Coughlan",465,37,
1065525,Jockey,"Aled Beech",664,37,
1071492,Jockey,"Alexander Thorne",282,37,
847560,Jockey,"Mr Ross Birkett",324,35,
1118051,Jockey,"Tom Midgley",301,35,
944597,Jockey,"Bruce Lynn",240,34,
1048728,Jockey,"Kieran Schofield",589,34,
957370,Jockey,"Amie Waugh",424,33,
1037234,Jockey,"Mr William Easterby",277,33,
1038146,Jockey,"Tyler Saunders",346,33,
1084351,Jockey,"Shane Quinlan",417,33,
1089105,Jockey,"Elisha Whittington",562,33,
1134298,Jockey,"Jonny Peate",331,33,
1138760,Jockey,"Christian Howarth",299,33,
1085849,Jockey,"Emma Smith-Chaston",245,32,
1100980,Jockey,"Zak Wheatley",350,30,
1112263,Jockey,"Harry Kimber",257,30,
1132326,Jockey,"Cillin Leonard",242,30,
1162696,Jockey,"Peter Kavanagh",176,30,
751581,Jockey,"Mr Darren Edwards",291,29,
1012224,Jockey,"Ellie MacKenzie",336,29,
1052220,Jockey,"Harrison Beswick",310,29,
1062725,Jockey,"Lewis Stones",323,29,
976947,Jockey,"Nick Slatter",355,28,
1084891,Jockey,"Luke Catton",288,28,
1096620,Jockey,"Angus Cheleda",174,28,
1097683,Jockey,"Abbie McCain",270,28,
793597,Jockey,"Danny Burton",309,27,
977909,Jockey,"David Prichard",231,27,
991045,Jockey,"Tom Cheesman",468,26,
1158482,Jockey,"Aiden Brookes",210,26,
993419,Jockey,"Mr Kit Alexander",242,25,
1072336,Jockey,"Edward Austin",250,25,
1074356,Jockey,"Joe Williamson",275,25,
1003317,Jockey,"Mr Robert Hawker",323,23,
1081330,Jockey,"Jordan Williams",293,23,
1133395,Jockey,"Adam Farragher",165,23,
984108,Jockey,"Mr Joshua Newman",168,21,
1009383,Jockey,"Jack Savage",135,21,
1028017,Jockey,"Mr Freddie Mitchell",216,21,
1112333,Jockey,"Aaron Anderson",370,21,
1126144,Jockey,"Mr Jason Dixon",146,21,
961085,Jockey,"Miss Lucy Turner",128,20,
1122560,Jockey,"Tristan Durrell",119,20,
1134938,Jockey,"Mark Winn",125,20,
1101445,Jockey,"Gianluca Sanna",156,19,
1104985,Jockey,"Erika Parkinson",145,19,
1126806,Jockey,"Aidan Keeley",220,18,
1145387,Jockey,"Nathan Brennan",109,18,
1054746,Jockey,"Miss Emily Easterby",158,17,
1075909,Jockey,"Archie Bellamy",170,17,
1093658,Jockey,"Alan Doyle",172,17,
1001094,Jockey,"Mr Bradley Gibbs",105,16,
1032594,Jockey,"James Martin",192,16,
1042634,Jockey,"Mr Martin McIntyre",137,16,
1114102,Jockey,"Morgan Cole",184,16,
981717,Jockey,"Mr John Dixon",162,15,
1060860,Jockey,"Ben Ffrench Davis",147,15,
1080330,Jockey,"Isobel Francis",296,15,
1112609,Jockey,"Thomas Doggrell",142,15,
1146521,Jockey,"Toby Wynne",86,15,
997570,Jockey,"Miss Natalie Parker",51,14,
1126776,Jockey,"Finn Lambert",95,14,
1132015,Jockey,"Caoilin Quinn",135,14,
1132948,Jockey,"William Shanahan",244,14,
968973,Jockey,"Miss Danielle Mooney",352,13,
974607,Jockey,"Mr Dale Peters",42,13,
1089712,Jockey,"Joe Anderson",143,13,
1054080,Jockey,"Mr Matthew Ennis",126,12,
1064536,Jockey,"Mr Peter Bryan",54,12,
1120535,Jockey,"Rose Dawes",90,12,
544981,Jockey,"Mr Geoff Barfoot-Saunt",208,11,544981
752538,Jockey,"Mrs Jo Supple",98,11,
1017867,Jockey,"Ben Bromley",58,11,
1116670,Jockey,"Owen Lewis",97,11,
1121470,Jockey,"Miss Sophie Smith",109,11,
1121615,Jockey,"Bradley Harris",89,11,
1153042,Jockey,"Mohammed Tabti",92,11,
1175009,Jockey,"Jack Hogan",102,11,
1144245,Jockey,"Ned Fox",57,10,
1153712,Jockey,"Jefferson Smith",105,10,
912599,Jockey,"Mr Nick Orpwood",65,9,
1013583,Jockey,"Mr Eireann Cagney",90,9,
1032942,Jockey,"Miss Sarah Bowen",154,9,
1101387,Jockey,"Bradley Roberts",40,9,
978065,Jockey,"Mr Matthew Hampton",90,8,
1026952,Jockey,"Mr Aiden Blakemore",198,8,
1079673,Jockey,"Mr George Eddery",50,8,
1087196,Jockey,"Miss Alice Stevens",67,8,
1087614,Jockey,"Dillan Hurst",96,8,
1112627,Jockey,"Jay Tidball",56,8,
1123515,Jockey,"Luke Scott",71,8,
1148004,Jockey,"William Pyle",130,8,
820806,Jockey,"Mr Peter Mason",68,7,
910899,Jockey,"Alison Johnson",213,7,
960505,Jockey,"Miss Immy Robinson",28,7,
1067816,Jockey,"Jamie Brace",52,7,
1098844,Jockey,"Miss Amy Collier",75,7,
1120766,Jockey,"Ellis Collier",41,7,
1121228,Jockey,"Alex Jary",105,7,
1130308,Jockey,"Sam Feilden",123,7,
618260,Jockey,"Mr David Turner",202,6,
1057042,Jockey,"Harriet Tucker",106,6,
1074859,Jockey,"Mr Tom Broughton",86,6,
1075049,Jockey,"Mr Charlie O'Shea",19,6,
1089528,Jockey,"Katie O'Farrell",54,6,
1099388,Jockey,"Alex Fielding",59,6,
1102262,Jockey,"Thomasina Eyston",55,6,
1105383,Jockey,"Molly Presland",98,6,
1112539,Jockey,"Mr Henry Crow",9,6,
1139588,Jockey,"Mr Henry Main",38,6,
1141037,Jockey,"Kaiya Fraser",26,6,
1144162,Jockey,"Peter Coleman",40,6,
1147805,Jockey,"Lewis Dobb",43,6,
1169418,Jockey,"Miss Fern O'Brien",39,6,
518981,Jockey,"Mr Will Ramsay",40,5,518981
956183,Jockey,"Mr Alex Chadwick",102,5,
1013601,Jockey,"Mr Darren Andrews",48,5,
1127333,Jockey,"Elle-May Croot",86,5,
1131980,Jockey,"Conner McCann",18,5,
1152465,Jockey,"Mr Beau Morgan",15,5,
1167930,Jockey,"Mr Freddie Gordon",21,5,
1172257,Jockey,"Daire McConville",22,5,
513383,Jockey,"Miss Michelle Bryant",178,4,
1008571,Jockey,"Mr Will Pettis",72,4,
1074787,Jockey,"Mr A J O'Neill",18,4,
1097016,Jockey,"Mr Jamie Neild",38,4,
1099860,Jockey,"Miss Izzie Marshall",30,4,
1113147,Jockey,"Miss Jessica Bedi",35,4,
1114212,Jockey,"Miss Megan Jordan",30,4,
1135144,Jockey,"Jack Martin",35,4,
1154560,Jockey,"Alec Voikhansky",82,4,
805317,Jockey,"Mr Rupert Stearn",45,3,
1029637,Jockey,"Mr John Reddington",29,3,
1032479,Jockey,"Mr Thomas Greenwood",66,3,
1035229,Jockey,"Aidan MacDonald",36,3,
1056754,Jockey,"Miss Megan Wingrove",12,3,
1058224,Jockey,"Miss Chloe Emsley",23,3,
1103446,Jockey,"Shannon Watts",72,3,
1115559,Jockey,"Mr Milo Herbert",4,3,
1115967,Jockey,"Anna Gibson",35,3,
1116397,Jockey,"Miss Victoria Malzard",16,3,
1121430,Jockey,"Mr Lyall Hodgins",24,3,
1122964,Jockey,"Mr Cameron Hillhouse",31,3,
1123817,Jockey,"Miss Chelsea Brooks",15,3,
1128734,Jockey,"Bradley Furniss",36,3,
1130866,Jockey,"Miss Georgia King",51,3,
1133199,Jockey,"Miss Jessica Llewellyn",50,3,
1153938,Jockey,"Jack Wildman",38,3,
1155169,Jockey,"Sophie Clements",42,3,
1170788,Jockey,"Conor Rabbitt",33,3,
741600,Jockey,"Mr Joseph Stevenson",119,2,
936724,Jockey,"Mr David O'Brien",9,2,
949536,Jockey,"Mr Benjamin Brackenbury",20,2,
994624,Jockey,"Mr Matthew Johnson",30,2,
1027525,Jockey,"Miss Rosie Margarson",18,2,
1039398,Jockey,"Mr Christopher Furness",9,2,
1041276,Jockey,"Mr Jack Teal",27,2,
1044250,Jockey,"Mr Matt Brown",29,2,
1061173,Jockey,"Mr Archie Wright",14,2,
1074034,Jockey,"Miss Lily Bradstock",20,2,
1082144,Jockey,"Miss Eleanor Williams",35,2,
1097892,Jockey,"Mr Charlie Case",25,2,
1099059,Jockey,"Alice Bond",40,2,
1114626,Jockey,"Mr Oscar Palmer",9,2,
1119586,Jockey,"Mr Adam O'Shea",14,2,
1123870,Jockey,"Patrick Wadge",61,2,
1142730,Jockey,"Miss Katie Powell",10,2,
1142842,Jockey,"Dylan Johnston",28,2,
1143759,Jockey,"Daire Davis",21,2,
1167090,Jockey,"Miss Molly Landau",8,2,
620362,Jockey,"Mr Guy Mitchell",18,1,
986309,Jockey,"Mr James Jeavons",35,1,
1012225,Jockey,"Miss Megan Trainor",20,1,
1067177,Jockey,"Miss Sophie Dods",20,1,
1073441,Jockey,"Mr Charlie Marshall",11,1,
1075891,Jockey,"Emma Taff",79,1,
1084457,Jockey,"Mr Fletcher Yarham",14,1,
1086385,Jockey,"Mr Daniel Cherriman",6,1,
1089548,Jockey,"Miss Alexandra Bell",29,1,
1093025,Jockey,"Mr Peter Summers",12,1,
1100321,Jockey,"Miss Rosie Howarth",18,1,
1102259,Jockey,"Mr William Thirlby",6,1,
1105103,Jockey,"Molly Gunn",37,1,
1111727,Jockey,"Kai Lenihan",46,1,
1114388,Jockey,"Lorenzo Atzori",50,1,
1114850,Jockey,"Mr James Turner",8,1,
1116136,Jockey,"Abbie Pierce",11,1,
1121012,Jockey,"Joe Bradnam",59,1,
1126561,Jockey,"Miss Alex Garven",22,1,
1127791,Jockey,"Marie Perrault",16,1,
1133657,Jockey,"Mr Charlie Sprake",7,1,
1134525,Jockey,"Oliver Timms",29,1,
1135357,Jockey,"Miss Amber Jackson-Fennell",5,1,
1135750,Jockey,"Miss Katie Webb",10,1,
1136803,Jockey,"Miss Violet Barton",15,1,
1138514,Jockey,"Deon Le Roux",22,1,
1139626,Jockey,"Mr Josh Agar",7,1,
1140493,Jockey,"Miss Pippa Brown",15,1,
1151527,Jockey,"Mr Daniel Kyne",7,1,
1153270,Jockey,"Miss Taryn Langley",12,1,
1153718,Jockey,"Mr Lewis Kent",17,1,
1157181,Jockey,"Miss Megan Bevan",5,1,
1165432,Jockey,"Gearoid Harney",19,1,
540649,Jockey,"Mr Michael Robinson",13,0,
736571,Jockey,"Mr Hakan Sensoy",15,0,
853726,Jockey,"Mr James Waggott",14,0,
896813,Jockey,"Mr Fraser Barr",4,0,
1009638,Jockey,"Mr Mark Robinson",3,0,
1026198,Jockey,"Mr Andrew McBride",9,0,
1041024,Jockey,"Miss Lauren Sanders",11,0,
1041359,Jockey,"Miss Charlotte Dun",17,0,
1045530,Jockey,"Mrs Amy Cox",9,0,
1056752,Jockey,"Miss Jodie Wingrove",10,0,
1065062,Jockey,"Miss Meisha Micklewright",1,0,
1067182,Jockey,"Miss Chloe Dods",24,0,
1073981,Jockey,"Miss Kate Gowing",3,0,
1083318,Jockey,"Jacob Clark",45,0,
1088905,Jockey,"Miss Megan McLoughlin",5,0,
1097617,Jockey,"Miss Kerryanne Alexander",10,0,
1099384,Jockey,"Shariq Mohd",48,0,
1105923,Jockey,"Miss Heidi Stevens",9,0,
1106066,Jockey,"Mr Huw Edwards",24,0,
1106457,Jockey,"Miss Katie Sinclair",4,0,
1107033,Jockey,"Paige Hopper",19,0,
1108819,Jockey,"Robert Law-Eadie",12,0,
1109434,Jockey,"Miss Ailsa McClung",20,0,
1109867,Jockey,"Mr Edward Rees",15,0,
1109994,Jockey,"Minty Bloss",7,0,
1110285,Jockey,"Miss Anna Johnston",6,0,
1110458,Jockey,"Miss Megan Fox",6,0,
1111818,Jockey,"Miss Lucy Brown",3,0,
1112077,Jockey,"Mr Ben Sutton",5,0,
1112639,Jockey,"Mr Jack Holliday",4,0,
1112754,Jockey,"Miss Megan Brookes",14,0,
1113747,Jockey,"Miss Zoe Lewis",3,0,
1114810,Jockey,"Mr Harry Myddelton",8,0,
1115034,Jockey,"Miss Molly Legg",4,0,
1116264,Jockey,"Mr Henry Bailey",2,0,
1116342,Jockey,"Mr Noah Brazg-Carrell",1,0,
1119931,Jockey,"Miss Philippa Atkinson",7,0,
1122991,Jockey,"Sophie Reed",28,0,
1124380,Jockey,"Mr Murray Dodd",4,0,
1125025,Jockey,"Mr George Daly",4,0,
1125921,Jockey,"Mr Nathan Rahman",17,0,
1128040,Jockey,"Mr Bailey Burns-Lewis",2,0,
1129670,Jockey,"Miss Ellie Mayo",2,0,
1130238,Jockey,"Muhammad Adeel",12,0,
1135330,Jockey,"Mr Jack Cater",2,0,
1136678,Jockey,"Miss Natalya Irvine",4,0,
1136688,Jockey,"Miss Jess Stewart",5,0,
1137926,Jockey,"Mr Paddy Barlow",26,0,
1138407,Jockey,"Mr Toby McCain-Mitchell",11,0,
1138482,Jockey,"Mr Kevin Skelton",3,0,
1138542,Jockey,"Miss Ella Herbison",6,0,
1147412,Jockey,"Mr James Robottom",20,0,
1149004,Jockey,"Miss Taylor Bradburn",2,0,
1149360,Jockey,"Mr Joshua Thompson",21,0,
1151296,Jockey,"Miss Charlotte Butler",1,0,
1152827,Jockey,"Mr Harry Atkins",3,0,
1155497,Jockey,"Miss Roisin Leech",22,0,
1155592,Jockey,"Mr Harry Greasby",2,0,
1156068,Jockey,"Mr Daniel Ellis",5,0,
1156316,Jockey,"Mr J. J. Murphy-Knight",3,0,
1156367,Jockey,"Mr Charlie Boddy",2,0,
1156456,Jockey,"Miss Isabelle Ryder",9,0,
1156471,Jockey,"Mr William Featherstone",4,0,
1156581,Jockey,"Miss Ellie Holder",1,0,
1156692,Jockey,"Mrs Stephanie Germany",3,0,
1157262,Jockey,"Mr Joe Leavy",14,0,
1158066,Jockey,"Mr Vinnie Jakes",6,0,
1159562,Jockey,"Mr Lewis Saunders",7,0,
1173914,Jockey,"Miss Amy Corrado",4,0,
